1272,1393,1517,1648,1783,1180,1236,1289,1347,1410,15014,16154,17316,18488,19744,5.16,4.69,4.33,4.47,4.7
1444,1563,1686,1798,1956,1316,1375,1426,1478,1539,13405,14199,15033,15702,16759,4.18,4.49,3.72,3.62,4.14
3331,3647,3930,4227,4555,3116,3281,3429,3575,3743,15668,16808,17784,18795,19927,5.48,5.32,4.51,4.23,4.72
2792,3052,3314,3569,3897,2578,2704,2808,2922,3054,14910,15895,16886,17843,19061,4.61,4.89,3.84,4.06,4.5
8089,8434,8695,8196,8483,7678,7761,7721,7260,7162,21375,21837,22016,20338,20626,2.66,1.08,-0.51,-5.98,-1.35
4642,5071,5463,5886,6286,4348,4584,4770,4970,5174,25259,26945,28421,30019,31366,4.34,5.44,4.05,4.2,4.1
4744,5053,5469,5835,6219,4595,4774,4934,5143,5315,26082,27182,28747,30110,31423,0.56,3.9,3.36,4.24,3.35
8119,8894,9650,10321,10960,7549,7863,8184,8513,8858,21994,23624,25089,26290,27338,3.91,4.16,4.08,4.02,4.05
6191,6723,7255,7862,8510,5801,6047,6291,6594,6854,15572,16608,17669,18769,19978,4.52,4.24,4.03,4.83,3.93
8245,8878,9392,10072,10750,7690,8000,8171,8483,8831,20179,21276,22183,23138,24232,3.95,4.03,2.15,3.81,4.1
19746,20081,19941,16332,16731,18152,17837,17196,15213,15348,35531,35518,34803,27972,28191,1.59,-1.74,-3.59,-11.53,0.89
2501,2643,2780,2968,3172,2347,2402,2428,2509,2624,18856,19520,20125,21095,22137,1.91,2.33,1.1,3.34,4.57
1664,1798,1934,2078,2240,1532,1591,1652,1716,1790,19998,21228,22422,23649,25025,5.43,3.86,3.87,3.85,4.32
4903,5358,5648,5764,6057,4651,4886,5003,5135,5281,18562,19916,20746,20708,21407,3.96,5.04,2.4,2.63,2.85
4958,5155,5457,5779,6181,4867,5033,5205,5425,5664,33867,34505,35817,37269,39066,3.7,3.4,3.42,4.23,4.4
1608,1709,1839,1988,2127,1541,1591,1649,1714,1783,19957,20738,21352,23008,24274,3.98,3.2,3.69,3.89,4.06
2834,3067,3312,3552,3806,2661,2805,2929,3071,3207,22126,23405,24715,25963,27209,5.23,5.39,4.45,4.82,4.43
2050,2218,2389,2602,2780,1918,2006,2079,2180,2261,14703,15523,16406,17496,18352,4.33,4.55,3.63,4.87,3.71
11574,12568,13502,14487,15802,11080,11597,12119,12725,13528,49352,52497,54115,57877,61991,5.33,4.67,4.5,5.01,6.31
857,921,992,1070,1157,807,841,875,913,957,26938,28594,30290,32203,34408,4.18,4.23,4.06,4.33,4.85
3023,3279,3562,3878,4216,2851,2982,3108,3245,3391,19313,20524,21877,23374,24975,4.72,4.57,4.24,4.42,4.5
9321,9579,9321,7635,7729,8980,8878,8222,6550,6462,51965,52276,49724,39889,39599,1.2,-1.14,-7.39,-20.34,-1.34
1036,1115,1201,1287,1394,985,1034,1086,1141,1199,14588,15463,16294,17111,18081,4.68,4.96,5.11,5.04,5.07
1969,2206,2443,2677,2966,1776,1889,1998,2108,2214,14738,16408,18050,19665,21668,6.27,6.35,5.77,5.52,5.03
6952,7874,8758,9586,10661,6211,6606,7035,7472,7935,16685,18678,20540,22248,24491,6.27,6.37,6.49,6.21,6.2
6908,8737,9310,10058,10964,6150,7223,7543,7910,8314,25690,32234,34087,36563,39597,9.09,17.43,4.44,4.86,5.11
5353,5914,6516,7140,7850,4943,5199,5461,5738,6032,16311,17623,19004,20400,21993,5.11,5.18,5.04,5.08,5.12
4606,4984,5429,5856,6300,4199,4420,4642,4869,5070,16116,17280,18666,19958,21313,4.9,5.27,5.04,4.89,4.12
4317,4735,5173,5622,6140,3985,4178,4355,4552,4770,24513,26689,28972,31287,33983,5.08,4.85,4.23,4.5,4.8
18004,20118,22176,24083,26505,16290,17263,18165,19081,20046,41325,45235,48886,52106,56333,6.09,5.98,5.22,5.04,5.06
19848,22065,24329,26480,29190,17872,18893,20003,21117,22308,28953,31852,34769,37491,40957,5.51,5.71,5.88,5.57,5.64
20933,23233,25338,27147,30191,19118,20122,21194,22304,23508,25151,27714,30021,31961,35332,6.06,5.25,5.33,5.24,5.4
5133,5712,6268,6823,7433,4671,4907,5154,5414,5688,18719,20694,22582,24448,26490,5.03,5.05,5.03,5.04,5.07
11245,12661,13817,15150,16728,10258,10766,11314,11881,12495,30566,33726,36112,38888,42180,5.09,4.95,5.09,5.01,5.17
52696,61062,69674,76735,85152,47514,51896,55791,58714,61840,27816,31472,35107,37813,41086,4.99,9.22,7.5,5.24,5.32
22895,25424,27875,30742,33949,20859,22029,23157,24322,25534,23168,25499,27710,30336,33244,6.45,5.61,5.12,5.03,4.98
3480,3899,4298,4729,5195,3074,3217,3356,3505,3662,11679,12925,14092,15341,16686,5.18,4.65,4.32,4.43,4.48
3267,3662,4050,4413,4776,2918,3085,3256,3407,3578,18482,20460,22373,24117,25829,5.65,5.72,5.54,4.63,5.02
621,687,754,826,911,570,604,639,677,718,14562,15754,16934,18151,19639,6.01,5.91,5.94,5.95,5.97
2286,2547,2838,3144,3443,2106,2234,2367,2504,2636,18796,20799,23062,25397,27655,6.05,6.1,5.95,5.77,5.27
14991,16745,18457,20152,22114,13559,14346,15080,15842,16656,24935,27729,30439,33108,36198,6.09,5.8,5.12,5.05,5.14
19610,21233,23461,25397,27499,17916,18675,19458,20265,21127,50644,54184,59174,63366,67900,5.72,4.23,4.2,4.14,4.26
6017,6756,7448,8222,9077,5531,5872,6228,6599,6992,25463,27932,30117,32551,35210,6.38,6.15,6.08,5.94,5.96
5912,6631,7288,7853,8807,5332,5660,5997,6342,6726,24664,26990,28929,30436,33389,6.21,6.14,5.97,5.74,6.06
14381,15997,17601,19052,21004,13024,13812,14546,15295,16088,48980,53251,57299,60698,65560,6.33,6.05,5.31,5.14,5.19
13294,14800,16262,17620,19374,11978,12729,13415,14109,14844,39097,43045,46802,50186,54655,6.36,6.27,5.39,5.18,5.21
1841,2089,2319,2525,2778,1646,1750,1853,1954,2044,14134,15893,17468,18858,20573,6.21,6.34,5.89,5.44,4.59
964,1083,1184,1289,1416,878,923,974,1025,1074,11575,12925,14025,15174,16600,6.55,5.17,5.47,5.25,4.83
2703,3057,3429,3836,4263,2459,2605,2757,2913,3063,31608,35628,39799,44332,49117,5.75,5.96,5.84,5.65,5.15
4326,4856,5439,6052,6723,3920,4152,4393,4637,4905,27040,29891,33029,36236,39759,6.22,5.94,5.78,5.57,5.76
7523,8487,9555,10566,11579,6754,7142,7594,7992,8381,31291,34954,38984,42708,46409,6.64,5.75,6.34,5.24,4.86
3075,3514,3912,4288,4729,2759,2925,3084,3235,3401,20435,23030,25272,27347,29762,5.75,6.01,5.45,4.9,5.11
117487,131605,148247,164722,186049,105162,110795,117525,124270,132063,54668,60628,67658,74514,83452,7.66,5.36,6.07,5.74,6.27
6150,6868,7649,8382,9077,5554,5891,6234,6571,6936,24163,26620,29252,31669,33884,6.06,6.07,5.83,5.4,5.54
3246,3617,4001,4425,4913,2953,3124,3287,3454,3637,16266,17803,19376,21090,23076,5.9,5.8,5.23,5.08,5.29
2548,2872,3212,3595,4039,2276,2418,2564,2713,2876,19527,21692,23938,26434,29330,6.18,6.22,6.07,5.79,6.03
2365,2667,3027,3388,3722,2114,2236,2361,2483,2608,29567,32593,36210,39720,42785,5.37,5.77,5.57,5.19,5.01
7359,8209,9114,9865,10685,6597,6987,7393,7816,8230,16768,18543,20413,21912,23545,5.82,5.9,5.8,5.73,5.3
7639,8500,9408,10153,11047,6860,7246,7665,8082,8510,21481,23719,26054,27918,30165,6.43,5.63,5.79,5.43,5.3
5176,5734,6471,7110,7721,4656,4942,5239,5537,5828,24571,26726,29602,31954,34120,6.15,6.14,6.02,5.68,5.25
7406,8154,9178,9896,10727,6745,7139,7553,7954,8353,21661,23782,26689,28698,31029,5.61,5.85,5.79,5.31,5.01
10639,12273,14153,15836,17521,9274,9849,10444,11084,11693,26717,30614,35072,38997,42880,5.94,6.2,6.05,6.13,5.5
11223,12521,13918,15114,16521,10039,10657,11288,11909,12553,24135,26698,29425,31693,34367,6.18,6.15,5.92,5.51,5.4
8529,9530,10564,11578,12627,7675,8153,8641,9123,9607,23840,26352,28911,31378,33893,6.15,6.23,5.98,5.58,5.31
4778,5277,5951,6426,6996,4309,4560,4827,5085,5342,18330,20002,22299,23812,25644,6.01,5.82,5.87,5.33,5.06
3090,3434,3891,4237,4598,2760,2929,3102,3268,3435,20481,22308,24800,26513,28258,6.04,6.13,5.9,5.35,5.11
5741,6432,7155,7723,8434,5140,5475,5822,6157,6489,28073,30530,32985,34617,36777,6.19,6.51,6.34,5.75,5.39
8650,9626,10703,11714,12795,7846,8349,8854,9357,9855,22513,24501,26650,28550,30553,6.33,6.4,6.04,5.69,5.32
32779,36629,41266,44920,49296,29116,31054,33062,35175,37358,37965,41782,46389,49778,53878,6.16,6.66,6.46,6.39,6.21
2158,2420,2729,2964,3238,1930,2054,2177,2307,2440,34690,38082,42103,44837,48113,6.76,6.44,6.01,5.97,5.75
2103,2301,2514,2715,2939,1887,2002,2124,2251,2380,35993,39021,42171,45112,48353,5.53,6.11,6.08,6.02,5.71
1900,2095,2348,2533,2774,1730,1839,1951,2066,2186,38990,42297,46764,49780,53642,5.97,6.29,6.08,5.91,5.79
4488,5018,5636,6142,6750,4069,4324,4592,4874,5168,38664,42435,46775,50085,54122,6.55,6.28,6.2,6.12,6.04
3314,3703,4181,4545,4983,2948,3141,3344,3551,3767,27272,29949,33261,35559,38391,6.62,6.56,6.47,6.19,6.08
2702,3022,3406,3671,4004,2439,2587,2742,2900,3062,33154,36571,40740,43335,46730,6.13,6.06,5.99,5.78,5.58
19953,21477,24022,25195,27521,18333,19337,20331,19896,20669,65931,70021,77335,80168,86560,5.93,5.47,5.14,2.14,3.88
27471,29872,33762,34583,37031,23708,25180,26572,25791,26741,71575,76136,84217,84466,88647,8.39,6.21,5.53,2.94,3.68
37695,41438,47822,51797,57383,32444,34770,37161,37920,39755,55727,60446,68846,73603,80478,7.91,7.17,6.88,2.04,4.84
29014,31019,35401,38176,41166,25921,27361,29058,29774,30655,85367,86594,93847,96165,98601,3.02,5.55,6.2,2.46,2.96
79303,82130,85736,77235,78943,53227,51988,51485,51379,51558,196250,197286,200083,175200,174248,2.07,2.33,0.97,0.21,0.35
53584,61516,68817,66285,69675,41669,44298,45816,46314,47609,73052,81653,89006,83587,85732,5.82,6.31,3.43,1.09,2.8
19967,21645,25355,27160,29449,18069,19151,20396,20801,21829,38176,39681,44595,45856,47771,6.12,5.99,6.5,1.98,4.94
141633,156624,165899,135506,132314,91397,88411,85004,82677,80656,272692,296683,309433,249098,239837,0.65,3.27,3.85,2.74,2.44
58954,65200,74546,70693,73460,41418,42405,44446,44677,45705,99516,106924,118848,109656,110926,3.65,2.38,4.81,0.52,2.3
11840,13101,15127,15151,16046,9910,10330,10789,11096,11453,66674,73256,84089,83662,88092,6.7,4.24,4.45,2.85,3.22
55692,60492,73841,83662,92382,48352,51053,54575,57615,61049,58112,61434,73004,80590,86779,7.82,5.59,6.9,5.57,5.96
18956,21232,23628,25431,27945,18910,19606,20132,20516,21468,70727,77463,84355,88928,95734,3.66,3.68,2.69,1.91,4.64
4658,5382,6240,7072,8053,4156,4411,4811,5120,5463,20071,23099,26666,30109,34151,7.5,6.16,9.07,6.41,6.7
7517,8470,9546,10589,12130,6650,7079,7583,7993,8489,21611,23919,26504,28906,32590,6.37,6.45,7.13,5.4,6.21
8362,9435,10440,11176,12246,7663,8246,8675,8987,9369,32163,35452,38352,40171,43088,8.49,7.61,5.2,3.59,4.26
8678,9791,10981,12063,13348,8119,8645,9299,9695,10136,34699,38595,42695,46283,50581,8.35,6.48,7.56,4.27,4.55
11783,13566,15384,17049,19105,10867,11644,12578,13238,13956,32149,35959,39617,42712,46559,7.23,7.15,8.03,5.25,5.43
15674,17349,18779,17777,18660,14054,14696,15549,15831,16258,74997,82380,88546,83198,86662,2.78,4.57,5.81,1.81,2.7
24006,26889,29238,29469,31443,21823,23074,24552,25446,26245,82011,89995,95894,94780,99250,4.95,5.73,6.41,3.64,3.14
7138,8237,9235,10316,11634,6729,7243,7881,8298,8744,22865,25853,28423,31168,34521,7.7,7.63,8.82,5.29,5.38
9630,10676,11809,12986,14351,8447,9208,9830,10334,10871,30035,32512,35111,37739,40784,9.65,9.02,6.74,5.13,5.2
14621,16584,18978,21353,24451,12848,13940,15080,15921,17006,26501,29604,33407,37068,41904,7.67,8.5,8.18,5.58,6.81
3356,3767,4315,4985,5731,2967,3218,3461,3705,3946,39777,44153,50041,57208,65152,7.09,8.45,7.54,7.06,6.51
8537,9255,9990,10630,11537,7376,7705,7988,8231,8556,25478,27222,28962,30389,32544,5.26,4.46,3.67,3.05,3.95
16049,18145,19986,21733,23326,14231,15136,15903,16667,17450,21304,23723,25746,27597,29213,6.56,6.36,5.07,4.81,4.7
35599,35263,37446,40968,42627,29727,28159,29042,31255,32892,47881,60632,63363,68234,69926,8.16,6.76,3.14,7.62,5.24
35599,4510,4748,5095,5472,4525,3578,3577,3736,3931,14911,25891,26834,28378,30030,1.5,2.9,0.01,4.44,5.2
11374,12395,13229,13826,14483,9479,9937,10319,10539,10831,29922,32226,34005,35161,36441,5.28,4.83,3.84,2.14,2.77
15806,11973,13376,14101,15047,13350,9789,10510,11050,11647,29087,32038,35295,36690,38657,1.37,4.71,7.37,5.13,5.41
15806,5029,5776,5933,6087,5138.5,4190,4606,4760,4926,16604,28282,32043,32451,32847,6.7,4.5,9.92,3.34,3.48
44524,47641,52183,53400,55409,35291,36683,38398,39279,40226,76408,80417,86678,87325,89263,7.25,3.95,4.67,2.29,2.41
15636,17525,19134,20794,22861,13778,14629,15381,16236,17190,20140,22231,23917,25625,27792,6.15,6.18,5.14,5.56,5.88
4672,5221,5806,6373,7045,4057,4268,4503,4707,4951,14172,15600,17105,18521,20211,5.26,5.2,5.51,4.54,5.18
7844,8775,9854,11101,12156,6952,7435,7822,8295,8805,12509,13826,15344,17095,18514,7.2,6.96,5.2,6.05,6.15
5794,6558,7344,8168,8849,5121,5493,5859,6118,6432,14746,16465,18185,19963,21348,8.03,7.26,6.66,4.43,5.12
2897,3174,3468,3816,4159,2582,2721,2836,2964,3098,12685,13695,14766,16024,17232,6.11,5.39,4.23,4.5,4.54
75268,85193,95073,108244,118770,70090,74193,78091,82345,87088,49734,55467,61003,68486,74135,7.75,5.85,5.25,5.45,5.76
3954,4298,5068,5575,6107,3497,3674,4097,4295,4588,23383,25019,29048,31486,34011,8.32,5.07,11.51,4.84,6.81
1809,1978,2133,2280,2419,1642,1735,1814,1893,1975,13959,15086,16099,17029,17877,6.27,5.7,4.57,4.33,4.32
3318,3735,4192,4689,5122,2944,3043,3235,3429,3645,15833,17536,19385,21364,22983,6.35,3.37,6.3,6,6.33
2863,3225,3611,4025,4432,2519,2674,2826,2971,3129,19464,21668,23978,26445,28791,6.44,6.17,5.68,5.14,5.32
4789,5344,5931,6580,7262,4261,4516,4755,5000,5264,19063,21122,23298,25694,28201,6.57,5.98,5.3,5.15,5.27
4125,4607,5164,5726,6354,3677,3880,4092,4299,4515,15266,16702,18330,19920,21677,6.39,5.51,5.47,5.07,5.01
1715,1915,2202,2457,2715,1590,1687,1768,1856,1955,15391,16960,19250,21216,23153,5.45,6.09,4.82,4.96,5.34
2296,2583,2883,3186,3502,2042,2160,2274,2372,2491,12836,14249,15716,17170,18647,6.4,5.74,5.3,4.32,5.01
2559,2860,3208,3568,3950,2281,2426,2571,2717,2876,15547,16960,18558,20145,21784,6.24,6.36,6.01,5.66,5.85
1657,1859,2088,2331,2594,1494,1577,1663,1746,1836,16013,17633,19462,21345,23355,5.43,5.54,5.44,4.99,5.21
2117,2366,2639,2953,3285,1929,2049,2170,2294,2426,16518,18241,20144,22301,24566,6.34,6.23,5.89,5.72,5.74
2337,2612,2948,3264,3559,2033,2147,2264,2378,2498,22825,25073,27806,30285,32475,6.12,5.59,5.46,5.01,5.04
11363,12710,14237,15816,17511,10327,10956,11627,12327,13088,34833,37995,41522,45021,48711,6.94,6.09,6.12,6.02,6.17
3758,4156,4658,5127,5643,3441,3677,3882,4088,4293,13210,14453,16041,17493,19084,6.37,6.87,5.56,5.32,5.01
2390,2595,2921,3232,3590,2166,2286,2402,2521,2655,16436,17665,19684,21561,23727,7.3,5.54,5.1,4.94,5.31
8250,9040,10202,11130,12328,7470,7976,8446,8910,9372,14914,16133,17987,19394,21242,9.19,6.76,5.9,5.5,5.18
22944,25250,28269,31413,34904,20782,22114,23397,24655,25943,24425,26556,29389,32298,35511,5.96,6.41,5.8,5.38,5.22
23705,26769,29536,30647,32781,21455,23378,24049,25151,26207,24249,27087,29574,30380,32188,4.24,8.96,2.87,4.58,4.2
36097,39581,44357,48878,55173,32702,34816,36794,38774,40951,30038,32584,36145,39447,44121,5.95,6.46,5.68,5.38,5.61
12474,13637,15391,16841,18758,11334,12066,12765,13457,14146,20969,22769,25536,27787,30786,5.64,6.46,5.8,5.42,5.12
7477,8108,9158,10063,11061,6688,7041,7440,7832,8235,17882,19158,21392,23245,25280,5.55,5.28,5.67,5.27,5.14
11838,13263,14940,16194,17992,10828,11559,12199,12812,13505,28753,31746,35259,37703,41349,5.29,6.75,5.54,5.02,5.42
8731,9669,10818,11717,12861,7954,8448,8920,9369,9843,21238,23221,25666,27478,29825,5.87,6.2,5.59,5.03,5.07
5888,6457,7359,8037,8895,5367,5713,6041,6357,6677,15697,17028,19208,20773,22780,6.44,6.43,5.75,5.22,5.04
5361,5831,6606,7313,8115,4841,5140,5432,5716,6008,28024,30252,34000,37374,41209,5.57,6.18,5.69,5.23,5.1
6081,6638,7407,8140,9056,5388,5732,6046,6370,6713,23649,25564,28237,30750,33921,5.75,6.37,5.49,5.36,5.38
27754,30871,35326,39429,44742,25404,27124,29036,30874,32859,30063,32771,36771,40263,44844,6.65,6.77,7.05,6.33,6.43
3191,3533,4000,4439,4998,2876,3074,3262,3454,3658,21118,23014,25644,28018,31096,6.69,6.89,6.13,5.87,5.9
8322,9140,10175,11022,11791,7378,7769,8143,8513,8907,28540,30669,33416,35432,37109,5.35,5.3,4.81,4.54,4.62
5334,6000,6731,7328,8003,4656,4934,5167,5401,5661,32528,35801,39301,41865,44779,6.09,5.96,4.72,4.53,4.81
8525,9538,10687,11473,12260,7586,7973,8349,8749,9153,46274,50663,55546,58356,61089,5.49,5.09,4.72,4.79,4.61
5692,6198,6690,7056,7470,5013,5178,5256,5272,5428,33570,35756,37752,39005,40440,5.02,3.3,1.5,0.31,2.97
5277,5820,6436,6939,7531,4646,4853,5068,5274,5496,29085,31372,33964,35846,38099,4.7,4.45,4.44,4.07,4.19
4541,5083,5667,6126,6606,4028,4258,4478,4675,4871,40560,44403,48424,51307,54163,6.05,5.7,5.17,4.39,4.19
7462,8415,9360,10235,11132,6571,6951,7247,7555,7946,40600,44780,48750,52164,55567,6.11,5.78,4.27,4.24,5.17
6952,7733,8618,9632,10597,6298,6744,7207,7678,8153,31820,35010,38628,42752,46624,7.24,7.09,6.87,6.54,6.18
11321,12533,14008,15505,17136,10126,10742,11424,12014,12730,76904,84043,92690,101326,110850,6.58,6.08,6.35,5.16,5.96
13969,15558,16822,17897,18807,12437,13010,13585,14116,14541,195492,214518,228961,240159,249818,7.83,4.6,4.42,3.9,3.01
2325,2596,2854,3043,3284,2112,2257,2373,2430,2529,26582,29547,32327,34354,36907,6.58,6.88,5.16,2.38,4.07
12564,13996,15004,16074,16950,11596,11965,12408,12784,13156,323539,355475,376108,397734,414222,3.89,3.18,3.7,3.03,2.91
83751,96661,107220,121169,130735,73698,78991,84644,90427,95355,79951,88305,93903,101909,105738,7.4,7.18,7.16,6.83,5.45
11560,13300,14565,16027,17352,10480,11295,11891,12568,13206,59557,67522,72925,79258,84755,7.11,7.78,5.28,5.69,5.08
4866,5253,5637,6259,6542,3753,3783,3796,3808,3828,217147,231292,244957,268152,277034,0.41,0.79,0.36,0.3,0.54
307190,347102,394183,443059,485323,275318,292546,310185,329137,349202,144969,162050,182149,202707,219929,6.69,6.26,6.03,6.11,6.1
237082,267276,306044,345949,380922,210384,222786,236464,249260,264138,85803,95761,108604,121650,132776,6.13,5.89,6.14,5.41,5.97
333573,378109,429282,485497,532943,296540,314562,332897,354947,377966,369464,417062,471541,531072,580704,7.06,6.08,5.83,6.62,6.49
228382,258678,292982,328397,359245,208110,221960,235186,249263,264252,96675,107936,120548,133302,143928,6.94,6.66,5.96,5.99,6.01
257288,289838,333362,378438,412466,229402,242743,256807,271210,283820,152031,169393,192757,216582,233743,6.03,5.82,5.79,5.61,4.65
120329,135882,151285,168109,184170,104287,110685,117340,124488,132392,23719,26121,28378,30791,32962,6.01,6.14,6.01,6.09,6.35
33945,38470,42506,46939,51133,31768,33517,35521,37265,39338,14184,15973,17549,19283,20917,6.38,5.51,5.98,4.91,5.56
23783,26514,28925,32364,35385,21817,22883,24042,25357,26976,10743,11915,12940,14423,15720,5.6,4.89,5.06,5.47,6.39
60046,67857,76374,85803,94166,54468,57691,61100,64702,68798,17979,19926,22007,24279,26182,6.28,5.92,5.91,5.89,6.33
30364,33688,37085,40683,44449,27815,29138,30542,31919,33787,12258,13462,14680,15962,17299,4.07,4.76,4.82,4.51,5.85
19030,21273,23238,25675,28018,17192,17991,18850,19662,20825,11126,12367,13444,14790,16081,4.02,4.65,4.77,4.31,5.91
16773,18675,20395,22462,24521,15214,16027,16839,17780,18951,14600,16162,17550,19220,20862,5.35,5.34,5.07,5.59,6.59
5985,6687,7276,8001,8639,5463,5733,5974,6271,6594,15589,17318,18737,20491,21994,5.7,4.95,4.19,4.98,5.16
11951,13459,14999,16993,18574,10963,11649,12385,13176,13978,11531,12907,14297,16101,17491,5.71,6.25,6.33,6.38,6.09
26298,29411,32579,35753,38883,23858,25042,26313,27596,29148,12664,14051,15443,16815,18144,5.46,4.96,5.07,4.88,5.62
15691,17543,19193,21251,23130,14307,15013,15751,16591,17570,13472,14988,16317,17977,19469,6.06,4.93,4.91,5.33,5.9
18140,20261,22345,24834,27012,16401,17195,18005,18950,20030,16227,18007,19748,21837,23651,6.56,4.84,4.71,5.25,5.7
59377,63313,67625,65392,66468,51389,52859,55464,56663,56706,35696,37851,40205,38662,39080,3.18,2.86,4.93,2.16,0.08
23053,24733,26815,29308,31488,20589,21431,22506,23697,24977,15569,16523,17722,19163,20367,0.6,4.09,5.02,5.29,5.4
35592,40609,45497,50156,54670,31934,34216,36177,37902,40126,40200,45222,49996,54422,58614,6.83,7.15,5.73,4.77,5.87
124277,141631,156319,167131,182688,111424,120295,126749,132454,140810,56505,63643,69471,73510,79576,4.94,7.96,5.37,4.5,6.31
188175,206069,227590,246062,262055,175280,186207,197164,205967,215983,65241,68641,72883,75804,77722,6.53,6.23,5.88,4.47,4.86
24144,27383,30680,34010,37084,21652,22937,24265,25486,26923,15404,17235,19062,20872,22497,6.04,5.94,5.79,5.03,5.64
23255,26082,29147,32365,35401,21204,22485,23835,25299,27002,23370,25747,28278,30885,33250,6.31,6.04,6.01,6.14,6.73
6511,7310,8141,8968,9714,5978,6302,6644,6984,7379,21110,23442,25844,28191,30253,5.8,5.41,5.43,5.13,5.66
131990,151794,172698,195845,217042,119632,129005,138961,149580,161228,53992,61743,69895,78923,87144,8.53,7.84,7.72,7.64,7.79
12285,13612,15038,16710,18138,11309,11864,12541,13269,14059,41110,45113,49372,54342,58420,5.92,4.9,5.71,5.81,5.95
51699,57715,64109,70786,76814,46907,49741,52534,55458,58827,20691,22454,24261,26074,27559,6.74,6.04,5.61,5.57,6.08
33284,38627,43806,48573,53388,30703,32806,35193,37529,40263,17592,19686,21542,23063,24492,8.06,6.85,7.28,6.64,7.28
16500,18385,20569,22647,24547,15212,16072,16955,17876,18880,29322,32199,35524,38608,41324,6.24,5.65,5.49,5.43,5.62
11082,12294,13624,15237,16748,10325,10962,11637,12371,13225,17096,18865,20806,23176,25390,5.8,6.17,6.16,6.3,6.91
2466,2759,3011,3331,3611,2251,2374,2492,2624,2778,13799,15355,16681,18360,19854,5.32,5.45,4.98,5.32,5.86
77450,86478,92026,98832,100156,79702,81023,83392,88348,92820,46483,51595,54594,58317,58798,1.98,1.66,2.92,5.94,5.06
28487,31369,34923,38799,42017,25982,27793,29368,31165,33051,17917,19538,21547,23717,25455,5.88,6.97,5.67,6.12,6.05
13449,14791,16630,18424,19924,12138,12778,13398,14126,14797,15451,16811,18703,20508,21954,5.79,5.27,4.85,5.43,4.75
11534,12751,14343,15848,17241,10473,11043,11630,12266,12930,13051,14329,16007,17573,19001,5.23,5.44,5.31,5.47,5.41
15127,16526,18645,20762,22315,13707,14333,15163,16116,16916,12907,14045,15789,17523,18774,4.88,4.57,5.79,6.28,4.97
10472,11463,12660,13847,14969,9406,9871,10313,10867,11426,14903,16247,17882,19492,21004,4.59,4.94,4.48,5.37,5.15
10899,11750,13001,14151,15365,9936,10334,10828,11354,11950,14246,15271,16811,18209,19679,4.7,4,4.78,4.85,5.25
17738,19603,21923,24132,26223,16071,17021,17936,18838,19856,14666,16046,17770,19375,20860,4.88,5.91,5.38,5.03,5.4
16987,18806,21117,23551,25930,15370,16266,17148,18161,19119,17966,19758,22045,24438,26750,5.33,5.83,5.42,5.91,5.27
21348,23345,26271,28989,31559,19102,20241,21425,22559,23718,18666,20318,22765,25016,27131,5.71,5.96,5.84,5.3,5.14
20249,22049,24407,26712,29095,18342,19402,20449,21612,22837,24055,25958,28485,30909,33388,5.9,5.78,5.4,5.69,5.67
16024,17641,19668,21572,23281,14605,15303,16108,16977,17863,17070,18719,20798,22731,24456,5.94,4.78,5.26,5.4,5.22
20270,22219,24635,26904,29322,18219,19257,20262,21286,22429,24366,26445,29040,31423,33937,5.9,5.69,5.22,5.05,5.37
19888,21871,24569,27309,29617,17902,19102,20170,21391,22615,22910,25081,28059,31067,33576,6.12,6.7,5.59,6.05,5.72
15218,16626,18182,20182,21737,13842,14475,15064,15963,16675,11458,12442,13528,14934,16002,5.08,4.57,4.07,5.96,4.46
12286,13544,15102,16368,19964,11117,11713,12227,12883,15913,14622,16041,17801,19209,23334,4.9,5.36,4.39,5.36,23.53
10323,11441,12822,13898,14867,9277,9781,10284,10850,11418,17104,18790,20880,22446,23822,5.32,5.43,5.15,5.5,5.23
23360,25931,28505,31224,33647,21072,22330,23365,24752,26040,19306,21291,23258,25326,27135,5.93,5.97,4.64,5.94,5.2
63448,70324,78810,84617,90151,57441,59945,62601,65041,66688,79270,86724,95980,101789,107131,4.11,4.36,4.43,3.9,2.53
16381,18023,20067,22072,23904,14825,15624,16375,17200,18063,14425,15627,17140,18574,19824,5.86,5.39,4.81,5.04,5.02
14208,15771,17381,19330,20844,12823,13499,14078,14914,15665,13125,14409,15713,17292,18457,4.46,5.27,4.29,5.93,5.04
27025,29789,33161,36429,40100,24307,25758,27264,28770,30286,28136,30581,33577,36397,39539,6.03,5.97,5.85,5.52,5.27
11841,13088,14592,16107,17526,10741,11299,11868,12486,13111,16340,17882,19749,21596,23291,4.27,5.2,5.03,5.21,5
23112,25275,28194,30908,33776,21076,22386,23537,24772,26159,25155,27271,30166,32801,35566,5.21,6.22,5.14,5.25,5.6
11688,12886,14408,15909,17201,10488,11105,11694,12328,12935,16174,17663,19563,21409,22943,4.62,5.88,5.31,5.42,4.93
12506,13757,15268,16805,18229,11355,12035,12630,13235,13918,14637,15976,17596,19228,20712,4.81,5.99,4.95,4.78,5.16
13636,15033,16752,18491,20037,12477,13172,13899,14674,15464,10698,11748,13045,14350,15501,5.32,5.57,5.52,5.58,5.38
18762,20767,23109,25591,27728,16912,18050,18959,19993,21266,13312,14677,16272,17960,19398,5.23,6.73,5.03,5.45,6.37
24668,27438,30900,34447,37341,22482,23812,25074,26573,27867,14048,15546,17424,19337,20874,4.58,5.91,5.3,5.98,4.87
4888,5357,5926,6481,7015,4484,4755,4992,5247,5519,40934,44686,49206,53651,57925,5.37,6.04,4.98,5.11,5.17
26425,29081,32062,34982,37793,24124,25632,26984,28453,29966,52286,57269,62855,68295,73503,5.58,6.25,5.28,5.44,5.32
7295,7991,8871,9718,10551,6575,6989,7378,7759,8165,41453,44710,48928,52869,56600,5.53,6.3,5.57,5.17,5.23
99756,108807,122110,134207,145994,91282,96985,103110,109089,115298,61711,66169,72989,78893,84434,5.97,6.25,6.31,5.8,5.69
5742,6396,7093,7778,8508,5152,5456,5755,6043,6367,19936,21988,24148,26242,28432,5.61,5.91,5.48,5,5.36
8371,9137,10060,10985,11887,7650,8084,8491,8954,9443,34490,37460,41066,44633,48083,4.21,5.67,5.04,5.45,5.46
5917,6490,7057,7672,8312,5475,5742,6004,6282,6581,14841,16096,17308,18611,19949,4.37,4.87,4.57,4.62,4.76
14511,16139,17683,19325,20925,13407,14139,14851,15589,16378,15525,17041,18430,19892,21275,5.33,5.46,5.04,4.97,5.06
10545,11530,12557,13799,14982,9696,10177,10640,11152,11697,15226,16467,17742,19291,20737,4.84,4.97,4.54,4.82,4.89
25732,28295,30912,33827,36991,23957,25367,26713,28098,29574,22793,24783,26775,28974,31336,5.79,5.89,5.3,5.18,5.25
20537,22538,24664,26793,28916,19189,20240,21308,22393,23538,51653,55970,60501,64920,69219,5.4,5.47,5.28,5.09,5.11
8478,9416,10492,11591,12767,7705,8158,8582,9020,9489,15530,17186,19095,21036,23115,6.33,5.87,5.21,5.1,5.21
11048,12154,13394,14916,16420,10038,10554,11105,11688,12306,12819,14068,15470,17196,18899,5.98,5.14,5.21,5.25,5.29
9969,11008,12297,13635,14916,8959,9497,9999,10502,11027,14624,16098,17905,19783,21577,6.21,6,5.28,5.03,5
21019,23255,25781,28415,31127,18999,20164,21265,22327,23446,20920,23038,25375,27826,30335,6.47,6.13,5.46,4.99,5.02
19869,21755,24141,26776,29336,18054,18967,19920,20925,21991,17576,19139,21161,23377,25516,5.62,5.06,5.02,5.05,5.09
22590,25103,27755,30498,33206,20538,21733,22890,24008,25212,14843,16402,18035,19715,21363,6.11,5.82,5.32,4.88,5.02
52797,58675,65931,73842,81789,47076,49572,52550,55318,58247,21196,23389,26090,29022,31940,6.77,5.3,6.01,5.27,5.3
17783,19637,21983,24417,26638,16053,16950,17852,18677,19555,17471,19180,21418,23701,25770,6,5.58,5.32,4.62,4.7
41327,45056,50602,56377,62470,37262,39519,41972,44223,46527,17456,18920,21132,23421,25825,5.83,6.06,6.21,5.36,5.21
42108,47365,53371,60179,66341,37236,39734,42006,44530,46925,26743,29929,33607,37752,41468,7.24,6.71,5.72,6.01,5.38
10634,11793,13075,14486,15859,9583,10140,10652,11180,11736,14214,15665,17273,19030,20728,6.09,5.81,5.05,4.95,4.97
10708,11913,13339,14796,16279,9412,9994,10572,11086,11641,16277,18031,20028,22093,24178,5.43,6.19,5.79,4.86,5
18797,20831,23158,25689,28046,16937,17809,18682,19571,20504,16837,18546,20445,22524,24430,6.44,5.15,4.9,4.76,4.77
77660,84943,94882,104778,114882,70167,75044,80105,84416,89011,50307,54565,60453,66241,72086,7.5,6.95,6.74,5.38,5.44
105856,117743,131646,146081,160021,93544,99993,106434,112013,118179,52483,57464,63172,68995,74412,7.26,6.89,6.44,5.24,5.51
43397,47756,53204,58824,64629,39047,41608,44292,46792,49322,41335,45146,49700,54447,59289,7.26,6.56,6.45,5.65,5.41
21581,23830,26339,29148,31984,19515,20672,21793,22960,24199,17683,19360,21336,23488,25642,6.15,5.93,5.42,5.36,5.4
14088,15625,17244,19122,21103,12767,13456,14143,14875,15662,13692,15117,16617,18356,20187,5.85,5.4,5.1,5.18,5.29
10182,11294,12532,13901,15227,9136,9654,10170,10705,11269,15218,16809,18594,20562,22459,6.12,5.67,5.34,5.26,5.27
10190,11313,12564,13880,15193,9251,9793,10292,10824,11398,16321,18080,20051,22123,24193,5.79,5.85,5.1,5.17,5.31
10696,12026,13312,14994,16530,9568,10094,10681,11223,11808,13002,14585,16080,18092,19929,6.63,5.5,5.82,5.08,5.21
43686,48129,50534,48606,55582,38136,39039,39935,46893,57187,35718,39203,41005,39306,44811,3.77,2.37,2.29,17.42,21.95
35180,39008,43802,48138,52311,31816,33679,35520,37256,39082,31007,34173,38185,41753,45159,6.29,5.85,5.47,4.89,4.9
20562,23012,25705,28746,31709,18563,19849,21100,22317,23624,17358,19397,21653,24201,26686,6.92,6.93,6.3,5.77,5.86
74946,83153,93798,100724,107882,67249,71314,76336,81360,85835,61853,67764,75545,80174,84900,6.92,6.05,7.04,6.58,5.5
18037,19538,21709,19199,19986,16174,16204,17369,16907,17019,19436,20841,22952,20118,20759,-1.42,0.19,7.19,-2.66,0.66
12190,13978,14628,14697,16242,10911,11624,11633,11874,12607,13491,15301,15799,15689,17140,5.77,6.53,0.08,2.08,6.17
8901,9910,11067,12299,13525,7894,8375,8846,9317,9816,10886,11977,13235,14550,15834,6.25,6.1,5.62,5.32,5.35
20080,25360,28311,27156,28969,17665,20218,21477,21751,22312,19007,23897,26529,25329,26903,9.96,14.45,6.23,1.27,2.58
72303,79859,87704,97444,106932,63185,65409,69233,72946,76959,264174,288696,315401,348010,379220,5.27,3.52,5.85,5.36,5.5
3546,3930,4354,4819,5332,3237,3447,3650,3857,4079,26319,28957,31806,34945,38330,6.52,6.5,5.88,5.68,5.76
38747,42820,46563,51824,57172,35356,37548,39725,41952,44304,46430,50927,55041,60877,66757,6.26,6.2,5.8,5.61,5.61
5946,6564,7261,8072,8888,5552,5911,6262,6629,7018,26747,29319,32017,35247,38458,6.49,6.47,5.93,5.86,5.88
4394,4833,5346,5949,6560,4051,4315,4561,4813,5076,23105,25136,27653,30539,33435,6.31,6.51,5.7,5.53,5.46
3664,4036,4427,4882,5371,3358,3567,3775,3991,4222,29886,32600,35497,38833,42491,6.09,6.2,5.83,5.74,5.77
7534,8390,9214,10192,11185,6938,7471,7965,8455,8955,43575,48189,52841,58242,63694,6.83,7.68,6.62,6.15,5.9
293181,327802,365351,406223,451487,265892,286051,305948,324215,343653,104494,116162,128921,142605,157730,7.35,7.58,6.96,5.97,6
8080,9079,10260,11510,12902,7474,8019,8572,9146,9751,41498,46275,51658,57413,63770,7.26,7.29,6.9,6.69,6.61
15115,16444,18204,20339,22169,13739,14388,15097,15997,16876,12887,13900,15318,17022,18466,5.81,4.72,4.93,5.96,5.49
15126,16742,18595,20675,22528,14006,14888,15756,16671,17621,12240,13416,14766,16282,17608,5.11,6.3,5.83,5.8,5.7
72304,80571,91410,101565,109172,65848,70066,73828,77782,81924,23662,25515,27999,30133,31394,6.17,6.41,5.37,5.36,5.32
42040,45972,51321,56684,61266,37850,40137,42301,44425,46647,29241,31685,35077,38448,41271,5.42,6.04,5.39,5.02,5
83648,94561,109956,124677,136085,76946,81965,86184,90811,95622,43919,48433,54981,60904,64997,7.07,6.52,5.15,5.37,5.3
55414,61747,69749,77259,82419,51300,54733,57262,59997,63029,141651,155025,172092,187474,196843,7.7,6.69,4.62,4.78,5.05
15507,17453,19658,21847,23929,14605,15671,16745,17799,18906,25576,28204,31148,33966,36533,7.42,7.3,6.86,6.29,6.22
39071,44347,50074,56019,60722,36092,39252,42411,45465,48637,28020,30724,33539,36300,38098,8.66,8.75,8.05,7.2,6.98
6973,7770,9020,10274,11304,6366,6728,7135,7580,8031,26190,28991,33433,37831,41356,6.11,5.69,6.05,6.23,5.95
11470,12967,15066,17203,18770,10500,11178,11908,12651,13426,26811,30112,34772,39464,42806,6.12,6.45,6.53,6.24,6.12
27201,31790,37273,41384,46148,24028,25667,27458,29180,31161,47305,53972,61844,67136,73249,7.64,6.82,6.98,6.27,6.79
13605,15368,17909,20054,22217,12509,13361,14269,15174,16130,28274,31619,36510,40501,44471,7.08,6.82,6.8,6.34,6.3
4398,4900,5676,6413,7120,4036,4280,4536,4813,5115,25441,28178,32466,36505,40298,6.25,6.05,5.98,6.11,6.26
3363,3779,4382,4991,5537,3097,3281,3472,3688,3918,15376,17180,19799,22418,24741,6.2,5.94,5.83,6.22,6.23
8232,9293,10785,12304,13564,7538,8002,8483,8992,9525,20466,22985,26528,30105,33017,5.93,6.16,6.01,6,5.92
16927,19144,22355,25497,28069,15480,16587,17742,18828,19960,26686,29993,34805,39456,43177,6.78,7.15,6.96,6.12,6.01
25819,29389,34210,38473,42740,23397,25026,26779,28442,30291,31148,34731,39613,43692,47633,7.51,6.96,7,6.21,6.5
8326,8987,10131,11447,12668,7827,8239,8708,9265,9796,13351,14173,15717,17479,19046,5.27,5.26,5.7,6.39,5.73
9155,10244,11666,13203,14676,8616,9154,9729,10272,10854,10358,11460,12912,14463,15916,13.72,6.24,6.28,5.58,5.67
10707,11548,12869,14494,16044,10174,10735,11250,11917,12535,9457,10101,11154,12452,13669,5.43,5.51,4.8,5.94,5.18
7410,8052,9075,10288,11392,7047,7500,7997,8511,8959,17349,18642,20785,23324,25571,6.67,6.44,6.63,6.43,5.26
3696,3969,4469,5040,5612,3511,3689,3893,4133,4356,16261,17184,19046,21141,23202,6.18,5.05,5.54,6.16,5.4
6007,6492,7310,8300,9171,5723,6016,6378,6778,7096,13280,14179,15775,17709,19353,5.95,5.11,6.01,6.27,4.69
10323,9951,9436,22236,25891,10837,11219,11072,22926,24563,84280,78952,72738,166698,188884,-26.27,3.53,-1.31,107.07,7.14
2736,2917,3250,3606,3965,2598,2705,2829,2963,3111,13316,14037,15464,16989,18495,4.08,4.11,4.59,4.73,4.99
9124,10153,11634,13219,14805,8476,9150,9890,10680,11541,21587,23510,26377,29361,32234,1.04,7.95,8.1,7.99,8.06
2192,2374,2671,2994,3303,2062,2178,2306,2439,2580,14634,15504,17079,18743,20251,5.6,5.58,5.89,5.76,5.78
1164,1314,1468,1643,1829,1025,1078,1129,1184,1242,10064,11153,12244,13474,14761,5.03,5.16,4.76,4.82,4.98
3218,3632,4048,4509,4981,2827,2970,3118,3275,3440,13606,15123,16658,18307,19953,5.08,5.07,4.99,5.04,5.05
3939,4404,4911,5459,6038,3421,3595,3778,3969,4167,12314,13399,14511,15685,16762,5.04,5.07,5.1,5.05,4.99
3986,4458,4979,5557,6194,3459,3606,3764,3929,4120,8884,9865,10915,12098,13416,4.18,4.25,4.36,4.4,4.86
2247,2457,2702,2974,3308,2088,2180,2280,2387,2503,9493,10261,11163,12155,13381,4.42,4.4,4.58,4.7,4.87
3665,2483,2771,3085,3456,3327,2136,2255,2375,2511,9970,12417,13634,14918,16433,5.06,5.88,5.57,5.35,5.73
3665,1603,1789,1971,2177,1782,1387,1457,1529,1605,5398,9191,10086,10929,11871,5.06,5.88,5.08,4.9,5.01
1614,1790,1989,2202,2423,1442,1503,1575,1652,1727,8287,9103,10036,11013,12026,4.84,4.24,4.8,4.89,4.55
973,1080,1205,1335,1471,830,871,915,961,1006,7847,8527,9310,10103,10931,4.77,4.96,5.09,4.98,4.71
2878,3187,3486,3812,4197,2536,2659,2787,2916,3055,12026,13191,14258,15432,16865,4.41,4.82,4.84,4.62,4.76
2710,2983,3295,3606,3955,2396,2497,2611,2726,2859,8844,9655,10580,11501,12536,3.91,4.2,4.56,4.4,4.87
3313,3706,4112,4526,4984,2921,3077,3231,3396,3568,12487,13884,15324,16782,18399,5.26,5.33,5.01,5.09,5.06
1826,2048,2283,2532,2812,1642,1725,1809,1893,1991,12348,13635,14971,16367,18013,6.21,5.09,4.83,4.68,5.19
2394,2686,2982,3301,3664,2129,2244,2359,2477,2603,7864,8676,9481,10327,11308,5.27,5.43,5.11,5,5.09
1514,1686,1890,2122,2379,1365,1423,1492,1567,1645,11520,12287,13302,14358,15467,4.43,4.25,4.85,5.02,5
1799,1982,2198,2418,2651,1616,1689,1758,1836,1923,7660,8226,8941,9606,10292,3.83,4.49,4.08,4.45,4.76
611,679,750,829,917,543,567,591,619,649,9385,10245,11134,12099,13174,4.17,4.39,4.22,4.8,4.82
1926,2173,2418,2692,2993,1651,1742,1812,1896,1991,6430,7096,7738,8437,9190,6.47,5.54,4.02,4.62,5.01
1163,1317,1465,1625,1774,1000,1046,1094,1144,1196,8649,9672,10622,11645,12552,4.43,4.54,4.59,4.61,4.59
1649,1834,2038,2254,2493,1426,1502,1582,1663,1750,6300,6922,7594,8273,9012,6,5.34,5.27,5.17,5.2
695,780,870,969,1090,556,584,614,645,678,8848,9642,10420,11267,12274,6.25,5.04,5.14,5.04,5.16
11610,13059,14815,16726,18892,10609,11373,12148,12954,13827,32397,35466,38979,42790,46963,7.52,7.2,6.81,6.63,6.74
10592,11819,13216,14638,16030,9576,10167,10716,11226,11815,20805,22924,25420,27981,30454,5.9,6.17,5.4,4.76,5.25
4549,5061,5564,6123,6730,4060,4299,4472,4650,4889,20234,22124,23893,25663,27720,5.87,5.9,4.02,3.96,5.15
5505,6094,6716,7447,8194,4967,5226,5483,5763,6068,16103,17537,19031,20823,22589,5.42,5.2,4.93,5.11,5.28
3984,4449,5040,5668,6320,3548,3741,3954,4176,4426,16454,18091,20199,22511,24773,4.06,5.44,5.67,5.62,5.99
10930,11983,12911,14018,15476,9736,10318,10655,11047,11639,25774,27791,29410,31530,34299,6.03,5.98,3.26,3.68,5.35
13933,14844,15967,17549,20021,11914,12476,12821,13529,14608,31155,32571,34394,36869,41271,4.65,4.72,2.76,5.53,7.97
7457,8398,9295,10217,11219,6675,7106,7488,7830,8244,19698,21831,23784,25775,27893,5.6,6.47,5.37,4.57,5.28
5199,5805,6380,7059,7842,4629,4871,5065,5301,5581,22414,24582,26537,28697,31319,4.75,5.23,3.98,4.66,5.28
3158,3518,3912,4339,4808,2873,3060,3246,3433,3637,16860,18511,20396,22436,24579,6.21,6.52,6.09,5.75,5.93
2749,3020,3331,3670,4006,2443,2562,2683,2809,2943,14789,15975,17320,18727,20120,6.22,4.85,4.73,4.7,4.75
2006,2235,2516,2807,3153,1765,1858,1963,2062,2185,20119,22014,24364,26613,29390,5.78,5.25,5.66,5.03,5.98
13106,14696,16665,18900,21144,12041,12823,13628,14495,15418,25178,27763,30929,34653,38110,6.61,6.49,6.28,6.36,6.37
19386,22350,25070,27920,30480,17365,18725,19761,20747,21806,33565,38063,41916,45950,49364,7.77,7.83,5.54,4.99,5.1
5222,5889,6675,7487,8230,4679,4982,5312,5640,5931,26792,29629,33015,36062,38913,6.76,6.48,6.62,6.17,5.17
9169,10307,11783,13106,14486,8239,8815,9423,10113,10700,36236,39454,43700,47121,50524,6.7,6.99,6.9,7.32,5.81
12427,14006,15364,17271,19550,11104,11968,12851,13836,14936,31402,34520,36919,40527,44810,7.01,7.79,7.37,7.66,7.95
7660,8547,9598,10774,12063,6722,7180,7683,8241,8842,22660,25023,27823,30957,34364,6.48,6.81,7,7.27,7.29
3439,3768,4080,4443,4887,3038,3198,3367,3554,3754,26939,29158,31235,33663,36662,5.32,5.24,5.31,5.54,5.62
5467,6011,6299,6708,7359,4851,5193,5410,5697,6009,43973,47921,49794,52621,57312,6.23,7.04,4.2,5.29,5.48
2090,2336,2620,2882,3196,1875,1996,2117,2244,2382,42591,45714,49253,52095,55571,6.28,6.44,6.05,6,6.19
2725,3034,3359,3659,4061,2359,2524,2700,2882,3077,40313,43525,46781,49467,53328,6.97,7,6.98,6.76,6.75
4724,5255,5773,6265,6879,4199,4463,4700,4943,5191,30729,32729,34439,35829,37733,5.16,6.28,5.31,5.17,5.02
3821,4305,4874,5481,6128,3307,3516,3746,3991,4252,25068,27761,30918,34191,37630,6.23,6.33,6.55,6.53,6.54
2469,2815,3222,3646,4026,2175,2323,2490,2683,2845,20181,22838,25983,29203,32082,6.46,6.79,7.23,7.71,6.06
2590,2983,3378,3777,4232,2202,2354,2504,2679,2866,25292,28423,31436,34353,37621,6.29,6.87,6.41,6.96,7
4084,4444,4770,5117,5666,3619,3863,4065,4275,4510,39252,41413,43190,45005,48451,6.04,6.73,5.25,5.16,5.5
4450,4850,5166,5582,6137,3888,4140,4383,4684,4950,43427,46148,47960,50565,54318,6.82,6.49,5.85,6.88,5.68
7578,8638,9830,11289,12793,6722,7227,7731,8286,8860,31997,35336,38990,43443,47778,7.29,7.53,6.96,7.19,6.92
8729,9411,10205,10812,11400,7895,8329,8594,8841,9130,28294,29999,31980,33340,34621,6.03,5.49,3.19,2.87,3.26
14220,15425,16994,18218,19446,12964,13640,14277,14755,15380,46932,49962,54036,56894,59681,6.53,5.22,4.66,3.35,4.23
9518,10287,11457,12476,13387,8671,9070,9531,9951,10418,18054,19181,21007,22502,23775,6.28,4.6,5.08,4.4,4.7
4534,4907,5517,6242,6847,4135,4305,4499,4736,4980,15877,16920,18758,20927,22648,4.88,4.12,4.51,5.27,5.15
5051,5469,6142,6474,6900,4606,4871,5136,5343,5603,29053,30990,34281,35612,37433,6.32,5.75,5.44,4.05,4.85
3446,3801,4258,4782,5237,3155,3334,3528,3741,3969,15743,17153,18970,21053,22780,5.33,5.68,5.79,6.05,6.08
3627,4011,4540,5140,5650,3329,3523,3719,3947,4192,14469,15799,17657,19748,21450,4.85,5.83,5.56,6.13,6.21
2526,2784,3147,3567,3877,2288,2410,2555,2691,2818,11697,12700,14155,15826,16966,5.4,5.34,5.99,5.34,4.7
12922,13812,14737,14887,15286,11625,12132,12621,12919,13314,56746,59608,62505,62136,62784,5.33,4.36,4.03,2.36,3.06
13422,14262,15457,16052,16569,12159,12621,13094,13477,13897,45494,46580,48944,49374,49561,6.29,3.8,3.74,2.93,3.11
7888,8664,9352,9293,9434,7148,7722,8178,8384,8596,67367,72706,77084,75280,75148,6.69,8.04,5.9,2.52,2.53
16177,17930,20420,23037,25326,14589,15601,16554,17512,18612,24988,27301,30651,34107,37017,6.18,6.93,6.11,5.79,6.28
4367,4944,5642,6508,7194,3925,4183,4463,4771,5103,20403,22401,24800,27767,29807,6.54,6.59,6.68,6.91,6.95
35093,36916,39251,38249,37191,31160,33281,34783,34440,32792,143760,147670,153219,145823,138639,6.05,6.81,4.51,-0.99,-4.79
23027,21956,21443,21316,21989,19396,18559,18907,18640,18506,136558,152454,147991,146164,150296,18.32,2.69,1.88,-1.41,-0.72
23027,1573,1778,1948,2106,1732.5,1359,1427,1474,1524,31400.5,61277,68682,75020,80724,5.49,0.04,4.94,3.32,3.38
167314,161634,156723,127897,127831,129958,130010,128611,119506,117461,251415,236608,223750,178182,173916,5.49,0.04,-1.08,-7.08,-1.71
92109,98412,95030,93499,94922,77552,80731,83496,84705,83795,327099,334487,309571,292078,284546,11.54,4.1,3.43,1.45,-1.07
24907,28044,29367,30070,30789,20467,22591,24450,25923,25482,130012,142077,144506,143949,143319,15.47,10.38,8.23,6.03,-1.7
5445,5376.4,5307.8,5239.2,5170.6,5102,19952.4,34802.8,49653.2,64503.6,79354,63484.046,47614.092,31744.138,15874.184,4.23,4.23,4.23,4.23,4.23
11516,10942,10368,9794,9220,8646,26144.2,43642.4,61140.6,78638.8,96137,76911.184,57685.368,38459.552,19233.736,7.92,7.92,7.92,7.92,7.92
12152,11796.2,11440.4,11084.6,10728.8,10373,23909.6,37446.2,50982.8,64519.4,78056,62446.59,46837.18,31227.77,15618.36,8.95,8.95,8.95,8.95,8.95
6437,6981,7589,7424,7557,5771,6202,6373,6380,6363,43486,46476,49892,48133,48443,5.85,7.46,2.76,0.11,-0.27
3198,3136.4,3074.8,3013.2,2951.6,2890,38401.8,73913.6,109425.4,144937.2,180449,144359.39,108269.78,72180.17,36090.56,0.95,0.95,0.95,0.95,0.95
58696,64293,71623,74273,79650,63615,65907,68964,69859,73185,100632,108178,118366,120657,127243,5.57,3.6,4.64,1.3,4.76
41243,44824,48274,50802,52266,35712,37472,39506,39523,39614,53919,57392,60569,62519,63101,0.5,4.93,5.43,0.04,0.23
14807,14620,14433,14246,14059,13872,25153.6,36435.2,47716.8,58998.4,70280,56226.016,42172.032,28118.048,14064.064,10.08,10.08,10.08,10.08,10.08
54512,56278,59055,58503,53936,45624,43012,41622,43435,42787,358419,361035,369988,358196,323224,-9.18,-5.72,-3.23,4.35,-1.49
54512,6106,6591,6925,7250,6470.5,5691,6217,6446,6556,45973.5,85391,88504,89366,89925,5.07,11.55,9.25,3.67,1.71
54512,12029,12854,13043,13687,11398.5,9110,9501,9697,9930,53869.5,97809,101940,100812,103273,6.53,5.36,4.29,2.07,2.4
54512,3519,3796,3998,4222,3636,3050,3209,3235,3263,94313,185363,186344,182631,179692,5.56,5.57,5.2,0.81,0.85
54512,13489,15503,15638,16680,13932,11184,12300,12637,13003,47952,82901,91170,88048,89918,4.96,7.81,9.98,2.74,2.9
54512,16838,19573,21740,24122,19529,14936,16012,16791,17764,47361.5,76959,86136,92287,98785,6.13,7.67,7.2,4.86,4.86
3811,4268,4745,5351,5948,3474,3705,3911,4139,4414,17176,18906,20665,22948,25109,5.07,6.67,5.56,5.82,6.64
8577,9567,10788,12031,13299,7795,8278,8806,9347,9917,26912,29686,33125,36567,40033,6.53,6.2,6.39,6.15,6.1
2192,2429,2702,3029,3353,2049,2163,2281,2420,2568,17140,18918,20931,23372,25786,5.56,5.6,5.44,6.07,6.12
1194,1308,1444,1609,1774,1133,1192,1254,1319,1389,13906,15047,16421,18116,19742,4.96,5.2,5.18,5.22,5.29
4269,4773,5303,6076,6666,4022,4288,4575,4861,5110,21359,23669,26080,29642,32264,6.13,6.61,6.7,6.26,5.1
6408,7187,8262,9389,10406,5910,6318,6792,7269,7782,33181,36879,42066,47398,52160,7.12,6.91,7.5,7.03,7.06
1198,1359,1543,1721,1924,1091,1168,1248,1320,1402,16386,18308,20499,22542,24860,6.92,7.12,6.81,5.8,6.17
1069,1217,1381,1572,1765,984,1063,1143,1223,1309,16514,18682,21150,23975,26814,8.19,8.02,7.56,7.01,7.02
2568,2857,3206,3610,3962,2375,2528,2694,2864,3045,25077,27702,30883,34531,37679,6.31,6.42,6.58,6.29,6.33
957,1085,1256,1410,1577,851,913,981,1039,1103,16142,18025,20525,22668,24948,6.96,7.21,7.47,5.96,6.14
1352,1509,1672,1919,2208,1258,1342,1436,1529,1614,20514,22589,24657,27938,31671,6.61,6.7,6.98,6.48,5.57
17744,19877,22498,25557,28355,16255,17420,18585,19773,21194,42485,47281,53154,60045,66264,7.11,7.16,6.69,6.39,7.19
8427,9381,10517,11635,12683,7715,8229,8755,9067,9538,43150,47190,52014,56572,60687,6.45,6.66,6.39,3.56,5.19
2223,2455,2697,2991,3222,2061,2186,2322,2465,2567,23303,25316,27324,29795,31594,6.93,6.1,6.22,6.17,4.11
1723,1935,2177,2456,2707,1525,1633,1742,1856,1979,15333,16861,18605,20564,22243,6.96,7.06,6.7,6.52,6.63
3192,2222,2479,2728,2992,2870,1921,2056,2192,2333,17999,19663,21748,23723,25787,7.82,7.42,7.02,6.66,6.4
3192,1348,1517,1687,1850,1506,1162,1253,1353,1460,10829.5,20199,22274,24267,26105,7.82,7.42,7.83,7.98,7.86
8567,9942,11231,15224,20901,7557,8277,8713,11650,15974,25430,29011,32228,42957,58055,10.73,9.53,5.27,33.71,37.12
10579,6900,7553,12818,14666,9606,6204,6209,10420,11793,48826,63379,68041,113303,127307,20.47,21.29,0.09,67.82,13.18
10579,6317,6618,7805,8356,6902,5448,5473,5867,6248,31232,56216,57557,66329,69450,6.75,6.86,0.46,7.21,6.48
4672,5283,6022,6689,7355,4135,4451,4767,5106,5440,21208,23440,26125,28395,30542,7.57,7.64,7.1,7.12,6.53
6638,7452,8381,9345,10041,6044,6459,6837,7247,7601,23306,25883,28810,31812,33877,6.75,6.86,5.86,5.99,4.89
4310,4891,5490,6081,6600,3855,4160,4420,4713,4968,19786,22168,24583,26922,28887,7.88,7.91,6.24,6.63,5.42
3277,3711,4176,4577,4828,2908,3121,3311,3512,3640,23504,26029,28622,30721,31701,7.31,7.33,6.09,6.06,3.64
9242,10439,11767,13261,14318,8250,8839,9411,10078,10639,21378,23670,26199,28973,30733,7.01,7.15,6.47,7.08,5.57
3033,3427,3870,4242,4619,2651,2853,3048,3216,3399,21348,23835,26538,28752,30953,7.78,7.62,6.86,5.48,5.69
4824,5402,6119,6735,7372,4277,4571,4860,5180,5471,21775,24091,26972,29350,31752,6.83,6.89,6.31,6.6,5.62
11522,13251,15136,17179,18660,10296,11253,12159,13113,13915,32903,37193,41789,46671,49889,8.81,9.3,8.06,7.84,6.12
2465,2881,3494,4148,4686,2123,2296,2503,2724,2924,19625,22645,27140,31859,35606,7.88,8.18,9.01,8.81,7.35
6243,7187,8374,9568,10856,5483,5909,6414,6774,7241,15534,17751,20536,23309,26270,9.65,7.77,8.54,5.61,6.9
3825,4350,4964,5604,6284,3234,3526,3819,4073,4374,21276,24034,27231,30560,34056,9.67,9,8.33,6.63,7.39
4720,5269,6156,7001,7877,4147,4423,4774,5085,5514,13538,15008,17425,19687,22015,7.55,6.64,7.93,6.53,8.43
4366,5004,5881,6821,7756,3809,4144,4549,4931,5405,15749,17835,20726,23774,26746,6.58,8.8,9.76,8.4,9.61
9380,10714,12044,13752,15504,8289,9070,9720,10380,11172,13742,15391,16979,19029,21080,8.15,9.42,7.17,6.79,7.63
4927,5601,6484,7518,8313,4367,4707,5035,5415,5803,21126,23848,27418,31573,34681,7.32,7.79,6.98,7.54,7.16
10429,11967,13462,15603,17892,9045,9612,10067,10930,11970,31795,36067,40114,45985,52179,11.14,6.28,4.73,8.58,9.52
11766,13759,15970,18484,20617,10289,11248,12420,13408,14513,37505,43389,49861,57122,63108,8.26,9.33,10.41,7.96,8.24
3364,3833,4434,4943,5468,3001,3237,3475,3694,3919,19974,22642,26031,28867,31807,8.39,7.87,7.35,6.31,6.09
14833,16734,19867,23283,26415,12730,13532,14821,16051,17505,20333,22795,26901,31341,35362,8.21,6.3,9.53,8.29,9.06
4762,5401,6173,6843,7936,4260,4568,4882,5131,5554,21147,23951,27349,30264,35067,6.93,7.23,6.89,5.1,8.24
10167,11629,13655,15119,16541,8819,9429,10341,11070,11621,26116,29772,34837,38448,41928,6.5,6.92,9.67,7.05,4.98
6108,6936,8047,9305,10773,5298,5665,6110,6598,7191,21830,24482,28078,32110,36770,8.93,6.93,7.87,7.98,9
8738,9893,11367,13142,14792,7709,8270,8940,9677,10404,24387,27381,31220,35831,40022,8.51,7.27,8.11,8.24,7.51
3459,4120,4632,5240,5902,3021,3198,3389,3623,3900,17773,20976,23369,26202,29272,7.3,5.84,5.99,6.89,7.64
6699,7681,9018,10363,11933,5915,6373,6934,7437,8032,19673,22342,25982,29589,33777,7,7.74,8.81,7.26,7.99
3232,3684,4276,4907,5485,2794,2994,3198,3417,3670,14378,16284,18789,21431,23827,8.58,7.19,6.8,6.84,7.42
5560,6338,7591,8697,9791,4911,5274,5740,6122,6581,18887,21318,25303,28734,32064,6.81,7.39,8.82,6.66,7.49
15266,16663,19028,19211,19057,11963,12717,13748,14632,14869,59472,63353,70629,69708,67621,5.62,6.3,8.1,6.43,1.62
3546,4231,5032,5880,6822,2972,3261,3510,3779,4089,16063,19024,22462,26074,30055,9.45,9.74,7.64,7.65,8.21
78013,88363,100393,114309,127623,70851,76907,82593,88750,95837,56245,62755,70242,78866,86842,9.64,8.55,7.39,7.46,7.99
3501,3941,4435,5062,5545,3150,3401,3616,3843,4107,26249,29148,32394,36495,39485,8.8,7.95,6.33,6.28,6.87
3691,4181,4749,5351,5911,3363,3633,3889,4140,4429,23569,26000,28796,31683,34183,7,8.02,7.05,6.45,6.98
4888,5435,2559,2791,3049,4513,4878,2209,2301,2411,18881,20911,26486,28574,30688,10.74,8.09,3.17,4.17,4.74
4888,5435,1484,1593,1800,1620.33333333333,1440.66666666667,1261,1297,1401,6528,11655,16782,17844,19963,5.6,7.4,4.6,2.86,8.08
4888,5435,1823,1995,2236,2011.33333333333,1786.66666666667,1562,1626,1743,9076.66666666667,16410.3333333333,23744,25732,28585,5.7,6.4,4.5,4.09,7.16
4768,5255,4440,4966,5456,4412,4707,3830,4104,4353,17188,18680,21253,23467,25324,7.85,6.68,9.55,7.15,6.08
4768,5255,1552,1756,1965,1752.33333333333,1539.66666666667,1327,1434,1537,7824,14111,20398,22785,25042,8.25,8.1,8.03,8.08,7.21
5147,4895,5510,6103,6656,4758,4384,4733,5023,5301,20416,21670,23977,26126,27957,9.64,6.47,7.98,6.11,5.53
5147,762,852,943,1042,862,682,734,791,853,12844.5,24836,27335,29745,32258,7.52,7.61,7.69,7.79,7.82
15926,14581,15291,17172,18368,14722,13522,13587,14627,15174,47454,82567,83963,92010,96285,16.43,7.17,0.48,7.65,3.74
15926,2512,2849,3143,3503,2879.5,2256,2456,2608,2801,8854,14907,16406,17653,19245,7.2,8.9,8.85,6.19,7.4
5839,6543,7311,8340,9221,5347,5718,6127,6623,7085,20933,22933,25227,28241,30743,10.02,6.95,7.15,8.09,6.97
3238,3569,3986,4530,4981,2967,3215,3451,3735,3945,21627,23071,24956,27486,29295,11.18,8.35,7.35,8.22,5.63
2054,2296,2576,2915,3305,1890,2037,2198,2366,2555,21828,24288,27173,30688,34710,10.09,7.81,7.87,7.68,7.97
4212,4692,5281,5892,6613,3890,4228,4581,4904,5281,32559,35248,38581,41876,46371,11.85,8.7,8.36,7.05,7.69
1541,1734,1980,2165,2406,1424,1550,1698,1768,1875,27024,29940,33603,36224,39369,8.78,8.83,9.59,4.13,6.04
2070,2262,2435,2703,2960,1907,2041,2105,2247,2374,38084,40528,42663,46288,49597,8.58,7.01,3.15,6.75,5.64
10604,11787,13411,15188,17236,9926,10788,11848,12904,14066,33834,36323,39928,43708,47960,9.85,8.68,9.83,8.92,9
4235,4721,5324,5999,6744,3952,4268,4636,5051,5456,29288,31897,35147,38734,42609,9.83,7.99,8.63,8.97,8.01
2496,2853,3263,3705,4166,2213,2379,2553,2715,2886,18153,20158,22417,24727,27053,7.42,7.48,7.31,6.37,6.29
6114,6939,7939,8984,9995,5595,6027,6495,6906,7363,16837,18969,21565,24251,26805,7.74,7.73,7.77,6.31,6.62
3193,3576,4064,4570,5119,2919,3143,3373,3578,3816,23425,25601,28351,31108,34037,7.51,7.67,7.3,6.08,6.64
2175,2425,2768,3138,3509,1976,2127,2291,2440,2601,14821,16277,18322,20487,22606,7.47,7.63,7.72,6.52,6.61
1575,1768,1990,2264,2561,1433,1535,1646,1766,1896,14703,16317,18174,20455,22903,7.13,7.16,7.18,7.3,7.39
4164,4667,5192,5791,6467,3744,4040,4360,4676,5022,21979,24096,26228,28641,31324,7.88,7.9,7.93,7.23,7.41
2587,2847,3182,3485,3802,2401,2534,2670,2823,2993,16551,17919,19751,21264,22848,7.37,5.55,5.35,5.73,6.01
6451,7161,8235,9412,10370,5885,6311,6773,7256,7797,15834,17376,19726,22262,24258,8.88,7.24,7.31,7.13,7.47
1623,1758,1932,2128,2334,1498,1573,1651,1762,1882,11165,11903,12898,14016,15067,6.68,5.03,4.92,6.75,6.8
7222,6322,7327,8224,9092,6618,5528,6012,6475,6988,20175,25060,28291,30940,33395,9.58,7.76,8.76,7.7,7.91
7222,1801,2051,2303,2488,2045.5,1603,1698,1813,1903,8767.5,15632,17351,18970,19999,6.3,6.2,5.93,6.74,4.97
4741,5330,6736,7571,8046,4395,4758,5538,6015,6257,33016,35981,44166,48390,49966,11.8,8.25,16.4,8.61,4.03
1338,1502,1715,1900,2110,1127,1185,1262,1338,1417,12404,13826,15645,17202,18998,7.3,5.15,6.48,6.03,5.91
1569,1796,2064,2313,2514,1324,1401,1487,1569,1661,16039,18309,20959,23441,25372,7.07,5.78,6.18,5.51,5.85
4611,5211,5920,6482,7073,3980,4168,4429,4666,4941,12597,14192,16075,17550,19090,6.91,4.72,6.27,5.36,5.89
1253,1407,1588,1751,1923,1062,1108,1178,1239,1309,10762,11710,12802,13688,14594,5.44,4.42,6.23,5.23,5.63
1810,2073,2361,2619,2816,1530,1624,1734,1821,1917,20704,23360,26230,28690,30415,7.84,6.14,6.76,5.02,5.26
1576,1783,2023,2243,2456,1342,1403,1488,1573,1666,9423,10605,11983,13237,14444,6.39,4.55,6.06,5.69,5.88
1964,2144,2439,2209,2241,1488,1537,1663,1760,1849,19028,20439,22858,20377,20366,3.94,3.27,8.23,5.81,5.03
818,940,1112,1188,1302,689,733,831,842,892,11435,13108,15438,16438,17954,7.43,6.33,13.46,1.25,6.02
691,790,902,1014,1112,590,622,661,705,748,12326,13821,15491,17098,18433,5.2,5.37,6.25,6.77,6.07
7840,8823,9931,11053,12045,6861,7274,7704,8210,8701,21551,23242,25115,26852,28148,8.33,6.02,5.91,6.57,5.98
1191,1364,1566,1758,1904,1005,1066,1132,1196,1265,19184,21307,23770,25941,27328,7.9,6.06,6.21,5.59,5.81
1185,1317,1477,1634,1786,1058,1120,1180,1246,1310,11311,12335,13580,14757,15842,5.9,5.8,5.4,5.6,5.14
1212,1349,1401,1543,1769,1053,1108,1087,1134,1262,26510,28646,28943,30990,34479,5.02,5.29,1.9,4.34,11.25
1955,1416,1609,1793,1948,1727,1182,1254,1328,1395,14141,15493,17218,18813,20048,6.22,6.05,6.13,5.88,5.04
1955,771,879,970,1066,858,650,688,727,768,8166.5,15565,17562,19122,20775,5.6,5.9,5.89,5.62,5.69
2852,3162,3628,4001,4364,2563,2728,2909,3075,3244,13728,14938,16812,18200,19529,6.78,6.45,6.62,5.72,5.52
3025,3298,3727,4123,4452,2697,2833,3027,3220,3350,17835,19052,21108,22894,24246,6,5.04,6.84,6.41,4.03
2005,2207,2112,2321,2526,1759,1862,1682,1785,1883,25668,27402,25469,27251,28804,5.79,5.83,9.66,6.11,5.52
767,856,967,1081,1202,687,729,774,821,873,13704,14865,16363,17794,19257,6.47,6.05,6.19,6.13,6.29
4758,5421,6262,7080,7877,4233,4557,4956,5358,5787,24082,26740,30134,33239,36129,9.04,7.67,8.76,8.1,8.02
1483,1645,1868,2101,2286,1340,1423,1511,1605,1689,15890,17407,19496,21665,23273,6.35,6.23,6.16,6.2,5.25
2494,2851,3242,3712,4081,2247,2436,2612,2802,2951,35874,40212,44907,50519,54575,7.79,8.44,7.19,7.29,5.3
1412,1587,1775,1975,2136,1273,1364,1438,1502,1548,28693,31052,33830,36460,38491,9.54,7.14,5.45,4.43,3.05
793,903,1013,1094,1210,719,770,810,840,887,28503,31647,34804,36710,39682,7.52,7.2,5.2,3.68,5.52
20646,22631,23027,23984,24647,20044,21271,21788,22408,23018,373377,399867,397558,405171,408065,2.73,6.12,2.43,2.85,2.72
4712,5461,6316,6973,7648,4234,4674,5076,5458,5867,32260,36363,40934,44039,47045,8.7,10.4,8.6,7.53,7.49
447,492,553,608,648,411,433,458,480,502,22023,23524,26007,27776,28787,5,5.4,5.8,4.64,4.75
106,116,134,149,157,93,97,106,113,117,4051,4328,4870,5274,5434,4,4.4,9.1,6.66,3.11
918,1030,1178,1338,1483,838,895,959,1020,1083,22887,25065,28032,31086,33781,7.11,6.75,7.17,6.34,6.14
7775,8107,8739,9073,8944,7228,7249,7472,7646,7717,103965,105742,111040,112440,108038,1.33,0.28,3.08,2.32,0.93
1955,2115,2297,2337,2419,1828,1926,2044,2083,2133,44530,47457,50703,50895,51891,4.27,5.38,6.13,1.9,2.41
112,125,142,161,175,100,106,113,120,126,8471,9375,10540,11820,12781,6.1,6.37,6.76,5.83,5.01
346,383,432,488,545,313,329,350,369,393,9891,10686,11801,13007,14200,4.41,5.25,6.33,5.52,6.45
6439,7657,9279,10901,12397,5837,6528,7318,8066,8816,31303,36144,42409,48322,53244,9.65,11.83,12.1,10.23,9.3
6765,7803,8899,10330,11670,6133,6654,7169,7662,8250,32861,37159,41683,47694,53043,7.25,8.49,7.74,6.88,7.66
3546,4124,4756,5416,6115,3153,3384,3623,3848,4029,17634,20308,23299,26251,29085,7.67,7.31,7.07,6.2,4.7
6068,7041,8450,9969,11510,5523,6086,6772,7446,8081,52087,59274,70783,82110,92984,11.16,10.2,11.27,9.95,8.54
5115,5892,6709,7706,8656,4723,5161,5530,5946,6355,37996,42921,48695,54973,60620,7.53,9.27,7.15,7.52,6.88
2127,2372,2667,3008,3353,1968,2112,2259,2400,2530,24562,26897,29640,32906,36010,5.36,7.35,6.93,6.26,5.42
3047,3442,3936,4526,5053,2801,2997,3156,3365,3502,23015,25478,28980,32524,35632,7.19,7.02,5.29,6.62,4.07
1968,2211,2533,2917,3348,1914,2047,2225,2443,2628,12448,13706,15587,17759,20012,6.33,6.96,8.69,9.82,7.54
774,833,903,1027,1124,729,763,797,856,895,7179,7435,7973,8908,9384,4.44,4.65,4.4,7.39,4.6
49824,52254,50328,54323,69273,49348,54028,53731,57215,64562,260035,266057,252510,269355,336947,5.82,9.48,0.55,6.48,12.84
2613,2862,3186,3546,3925,2400,2559,2716,2862,3001,44074,47386,51994,56275,60692,4,6.65,6.13,5.39,4.83
1340,1473,1687,1936,2171,1199,1262,1366,1460,1561,15511,16740,18784,21076,23199,5.74,5.21,8.26,6.85,6.92
1162,1306,1484,1630,1822,1042,1106,1166,1222,1298,13944,15363,17129,18402,20172,7.13,6.14,5.47,4.79,6.18
1162,1338,1499,1700,1877,1015,1084,1160,1243,1308,6768,7643,8413,9373,10189,10.97,6.76,7.03,7.14,5.2
995,1077,1181,1309,1478,944,1006,1069,1135,1228,14654,15547,16709,18257,20384,6.25,6.52,6.36,6.12,8.25
815,902,1018,1128,1244,746,792,845,886,928,6630,7198,7985,8592,9297,0.32,6.15,6.72,4.86,4.68
1273,1417,1601,1836,2060,1171,1249,1333,1429,1525,36575,39903,44750,49884,54908,6.51,6.69,6.76,7.14,6.78
1428,1628,1880,2120,2334,1300,1424,1549,1658,1753,28170,31440,35470,39484,43127,8.92,9.59,8.79,7.01,5.74
911,1056,1239,1433,1652,836,935,1032,1132,1240,34495,39252,44681,50469,57342,7.55,11.76,10.47,9.66,9.48
588,630,701,764,830,557,581,618,645,673,35239,37133,40531,42005,44920,10.16,4.26,6.46,4.25,4.43
644,736,871,1044,1204,595,650,713,785,851,33044,37211,42462,48522,55162,11.58,9.17,9.72,10.11,8.41
522,605,703,808,908,474,527,577,621,662,6187,7049,7595,8580,9472,16.3,11.26,9.48,7.71,6.56
843,956,1087,1235,1383,757,820,882,940,994,5341,5932,6372,7154,7910,17.02,8.31,7.45,6.6,5.81
528,616,713,806,899,475,527,573,609,644,12602,14422,15715,17392,19260,16.39,10.89,8.8,6.35,5.72
500,590,695,807,915,446,501,551,600,641,9292,10743,12062,13710,15311,14.47,12.35,9.83,8.88,6.83
559,652,766,917,1053,493,538,588,649,700,5708,6527,7549,8847,9979,7.78,9.19,9.4,10.24,7.95
600,676,787,915,1030,552,596,651,710,764,6845,7570,8663,9923,10976,8.83,8.11,9.1,9.15,7.56
530,624,748,892,1021,479,533,590,649,696,12440,14379,16690,19427,21586,16.94,11.27,10.7,10.09,7.17
529,630,758,921,1063,492,546,609,687,741,8118,9471,11139,13274,15053,7.79,10.9,11.52,12.87,7.91
15136,17575,20559,23132,26033,13772,15198,16747,18167,19481,56419,64483,74573,81598,90147,9.84,10.35,10.19,8.48,7.23
